Essays,Michel de Montaigne,1580,
Confessions,Augustine,398,
Walden,Henry David Thoreau,1854,
The Interpretation of Dreams,Sigmund Freud,1899,
The Prince,Niccolo Machiavelli,1532,
The Confessions of Jean-Jacques Rousseau,Jean-Jacques Rousseau,1782,
The Complete Works of Plato,Plato,-347,
Fear and Loathing in Las Vegas: A Savage Journey to the Heart of the American Dream,Hunter S. Thompson,1971,
Pensees,Blaise Pascal,1670,
The Elements of Style,"William Strunk, Jr and E. B. White",1918,
The Diary of a Young Girl,Anne Frank,1944,
On the Origin of Species,Charles Darwin,1859,
The Republic,Plato,-380,
The Autobiography of Malcolm X,Alex Haley,1965,
Silent Spring,Rachel Carson,1962,
Homage to Catalonia,George Orwell,1938,
Democracy in America,Alexis de Tocqueville,1840,
"Speak, Memory",Vladimir Nabokov,1940,
Communist Manifesto,Karl Marx and Friedrich Engels,1848,
Thus Spake Zarathustra,Friedrich Nietzsche,1883,
Relativity,Albert Einstein,1917,
Das Kapital,Karl Marx,1867,
Out of Africa,Isak Dinesen,1937,
In Cold Blood,Truman Capote,1966,
"The General Theory of Employment, Interest and Money",John Maynard Keynes,1936,
The Principles of Psychology,William James,1890,
The Double Helix: A Personal Account of the Discovery of the Structure of DNA,James D. Watson,1968,
The Structure of Scientific Revolutions,Thomas Kuhn,1962,
Meditations,Marcus Aurelius,167,
The Histories of Herodotus,Herodotus,-420,
If This Is a Man,Primo Levi,1947,
Civilization and Its Discontents,Sigmund Freud,1929,
The Electric Kool-Aid Acid Test,Tom Wolfe,1968,
Leviathan,Thomas Hobbes,1651,
Memoirs From Beyond the Grave,Francois-Rene De Chateaubriand,1849,
Collected Essays of George Orwell,George Orwell,1961,
The Second World War,Winston Churchill,1953,
The Abolition of Man,C. S. Lewis,1943,
The Essential Writings of Ralph Waldo Emerson,Ralph Waldo Emerson,1882,
Annals,Cornelius Tacitus,120,
The History of the Peloponnesian War,Thucydides,-450,
The Civil War,Shelby Foote,1974,
The Life of Samuel Johnson,James Boswell,1823,
The Art of War,Sun Zi,-200,
The Education of Henry Adams,Henry Adams,1918,
Selected Essays of T. S. Eliot,T. S. Eliot,1932,
A Room of One's Own,Virginia Woolf,1929,
Parallel Lives,Plutarch,120,
R. E. Lee,Douglas Southall Freeman,1934,
Facundo,Domingo Faustino Sarmiento,1845,
Encyclopedia Britannica,Encyclopedia Britannica,1771,
Dispatches,Michael Herr,1977,
Discourse on Method,Rene Descartes,1637,
Philosophical Investigations,Ludwig Wittgenstein,1953,
Rameau's Nephew,Denis Diderot,1805,
Fear and Trembling,Soren Kierkegaard,1843,
The Liberal Imagination,Lionel Trilling,1950,
I Know Why the Caged Bird Sings,Maya Angelou,1969,
The Autobiography of Alice B. Toklas,Gertrude Stein,1933,
Witness,Whittaker Chambers,1952,
Oxford English Dictionary,Oxford University Press,1884,
The Second Sex,Simone de Beauvoir,1949,
Mere Christianity,C. S. Lewis,1942,
The Gulag Archipelago,Aleksandr Solzhenitsyn,1973,
The Constitution of Liberty,Friedrich A. Hayek,1960,
The Right Stuff,Tom Wolfe,1979,
Capitalism and Freedom,Milton Friedman,1962,
Modern Times,Paul Johnson,1983,
The Waning of the Middle Ages,Johan Huizinga,1919,
Pragmatism,William James,1907,
"Capitalism, Socialism, and Democracy",Joseph Schumpeter,1942,
The Origins of Totalitarianism,Hannah Arendt,1951,
Beyond Good and Evil,Friedrich Nietzsche,1886,
Black Lamb and Grey Falcon,Rebecca West,1941,
Orthodoxy,G. K. Chesterton,1908,
Corpus Aristotelicum,Aristotle,-400,
Three Essays on the Theory of Sexuality,Sigmund Freud,1905,
Moveable Feast,Ernest Hemingway,1964,
The Open Society,Karl Popper,1945,
The Quest for Community,Robert Nisbet,1953,
Angela's Ashes: A Memoir,Frank McCourt,1996,
The Seven Storey Mountain,Thomas Merton,1948,
The Golden Bough,James George Frazer,1890,
The Death and Life of Great American Cities,Jane Jacobs,1961,
A Brief History of Time,Stephen Hawking,1988,
Ethics,Baruch de Spinoza,1676,
The Making of the Atomic Bomb,Richard Rhodes,1988,
A Study of History,Arnold J. Toynbee,1961,
Mythology,Edith Hamilton,1942,
Dialogue Concerning the Two Chief World Systems,Galileo,1632,
The Myth of Sisyphus,Albert Camus,1942,
Christ Stopped at Eboli: The Story of a Year,Carlo Levi,1945,
Journals: 1889-1913,Andre Gide,1947,
History of My Life,Giacomo Casanova,1822,
The Federalist Papers,"Alexander Hamilton, James Madison, John Jay",1788,
The Road to Serfdom,Friedrich von Hayek,1944,
"Roll, Jordan, Roll",Eugene Genovese,1972,
Wild Swans: Three Daughters of China,Jung Chang,1991,
An American Dilemma,Gunnar Myrdal,1944,
The Seven Pillars of Wisdom,T.E. Lawrence,1926,
The Feynman Lectures on Physics,Richard P. Feynman,1995,
The Decline and Fall of the Roman Empire,Edward Gibbon,1776,
Summa Theologica,Thomas Aquinas,1274,
The Conservative Mind,Russell Kirk,1953,
Samuel Johnson,Walter Jackson Bate,1977,
The Varieties of Religious Experience,William James,1902,
A Mathematician's Apology,G. H. Hardy,1940,
The Color of Water: A Black Man's Tribute to His White Mother,James McBride,1995,
Tao Te Ching,Lao Tsu,-300,
Black Boy,Richard Wright,1945,
Histories,Cornelius Tacitus,110,
The Woman Warrior: Memoirs of a Girlhood Among Ghosts,Maxine Hong Kingston,1975,
Civil Disobedience,Henry David Thoreau,1849,
Autobiographies,W. B. Yeats,1926,
Aspects of the Novel,E. M. Forster,1927,
Battle Cry of Freedom,James M. McPherson,1988,
Analects,Confucius,-350,
The Unconscious,Sigmund Freud,1890,
In the Heart of the Sea,Nathaniel Philbrick,2001,
Lives of the Caesars,Suetonius,121,
The Journal of Jules Renard,Jules Renard,1925,
Up from Slavery,Booker T. Washington,1901,
Institutes of the Christian Religion,John Calvin,1536,
The Praise of Folly,Erasmus,1509,
The Age of Reform,Richard Hofstadter,1955,
The Frontier in American History,Frederick Jackson Turner,1920,
Jefferson and His Time,Dumas Malone,1948,
Slouching Towards Bethlehem,Joan Didion,1968,
A Supposedly Fun Thing I'll Never Do Again,David Foster Wallace,1997,
The Year of Magical Thinking,Joan Didion,2005,
Nature and Destiny of Man,Reinhold Niebuhr,1943,
Up in the Old Hotel,Joseph Mitchell,1992,
Henry James,Leon Edel,1963,
On the Genealogy of Morality,Friedrich Nietzsche,1887,
Main Currents in American Thought,Vernon L Parrington,1927,
On Writing,Stephen King,2000,
The Snow Leopard,Peter Matthiessen,1978,
Nadja,Andre Breton,1928,
Testament Of Youth,Vera Brittain,1933,
On the Revolutions of the Heavenly Spheres,Nicolaus Copernicus,1543,
On Liberty,John Stuart Mill,1859,
A Modest Proposal and Other Satirical Works,Jonathan Swift,1729,
Hippocratic Corpus,Hippocrates,-300,
Genetics and the Origin of Species,Theodosius Dobzhansky,1937,
The Harmony of the Worlds,Johannes Kepler,1619,
Enneads,Plotinus,250,
Euclid's Elements,Euclid,-280,
The Interesting Narrative of the Life of Olaudah Equiano,Olaudah Equiano,1798,
Desert Solitaire,Edward Abbey,1968,
Truman,David McCullough,1992,
The Worst Journey in the World,Robert Falcon Scott,1922,
The George Sand-Gustave Flaubert Letters,Gustave Flaubert,1921,
Patriotic Gore,Edmund Wilson,1962,
Words,Jean Paul Sartre,1963,
An Enquiry Concerning Human Understanding,David Hume,1748,
Apology,Plato,-399,
The Face of Battle,John Keegan,1976,
Let Us Now Praise Famous Men,James Agee,1941,
The Affluent Society,John Kenneth Galbraith,1958,
Life on the Mississippi,Mark Twain,1883,
Being and Time,Martin Heidegger,1927,
The Power Broker,Robert Caro,1974,
Profiles in Courage,John F. Kennedy,1955,
Future Shock: The Third Wave,Alvin Toffler,1980,
Two Treatises of Government,John Locke,1689,
The Hedgehog and the Fox,Isaiah Berlin,1953,
Persepolis,Marjane Satrapi,2000,
The Bookseller of Kabul,Asne Seierstad,2003,
The City in History,Lewis Mumford,1961,
Letters to a Young Poet,Rainer Maria Rilke,1934,
Good-Bye to All That,Robert Graves,1929,
A Long Way Gone: Memoirs of a Boy Soldier,Ishmael Beah,2007,
The Guns of August,Barbara Tuchman,1962,
Hiroshima,John Hersey,1946,
Essays of E. B. White,E. B. White,1977,
Eminent Victorians,Lytton Strachey,1918,
Tristes Tropiques,Claude Levi-Strauss,1955,
The Voyage of the Beagle,Charles Darwin,1839,
Hard Times: An Oral History of the Great Depression,Studs Terkel,1970,
The Tipping Point,Malcolm Gladwell,2000,
Rights of Man,Thomas Paine,1791,
Reveille in Washington,Margaret Leech,1942,
The Man Who Mistook His Wife for a Hat,Oliver Sacks,1985,
Zen and the Art of Motorcycle Maintenance,Robert M. Pirsig,1974,
Poetics,Aristotle,-335,
Man's Search for Meaning,Victor Frankl,1984,
The Mismeasure of Man,Stephen Jay Gould,1981,
A Bright Shining Lie,Neil Sheehan,1988,
Night,Elie Wiesel,1960,
The Immortal Life of Henrietta Lacks,Rebecca Skloot,2011,
The Ants,E. O. Wilson and Bert Holldobler,1990,
Quotations from Chairman Mao,Mao,1964,
Hell's Angels,Hunter S. Thompson,1965,
The Habit of Being,Flannery O'Connor,1978,
Voices from Chernobyl,Svetlana Alexievich,2005,
The Age of Jackson,"Arthur Schlesinger, Jr.",1945,
Children of Crisis,Robert Coles,1967,
The Art of Memory,Frances A. Yates,1966,
The Souls of Black Folk,W.E.B. Du Bois,1903,
Present at the Creation,Dean Acheson,1969,
The American Language,H. L. Mencken,1919,
The Looming Tower,Lawrence Wright,2006,
Roughing It,Mark Twain,1872,
The Lives of a Cell,Lewis Thomas,1974,
"Guns, Germs, and Steel",Jared Diamond,1997,
The Autobiography of Benjamin Franklin,Benjamin Franklin,1771,
I Ching,Unknown,-1400,
Common Ground,J. Anthony Lukas,1985,
Notes of a Native Son,James Baldwin,1955,
The House of Morgan,Ron Chernow,1990,
The Wealth of Nations,Adam Smith,1776,
Pilgrim at Tinker Creek,Annie Dillard,1975,
Principia Mathematica,Issac Newton,1687,
James Joyce,Richard Ellmann,1983,
Seven Years in Tibet,Heinrich Harrer,1952,
The Rise of Theodore Roosevelt,Edmund Morris,1979,
Long Walk to Freedom: The Autobiography of Nelson Mandela,Nelson Mandela,1995,
Either Or,Soren Kierkegaard,1843,
The Rise and Fall of the Third Reich,William L. Shirer,1960,
The Social Contract,Jean-Jacques Rousseau,1762,
"Godel, Escher, Bach",Douglas Hofstadter,1979,
The Making of the English Working Class,E. P. Thompson,1963,
Dreams from My Father,Barack Obama,2004,
Birthday Letters,Ted Hughes,1998,
A Heartbreaking Work of Staggering Genius,Dave Eggers,2000,
North,Seamus Heaney,1975,
Team of Rivals: The Political Genius of Abraham Lincoln,Doris Kearns Goodwin,2005,
Memoirs of Cardinal De Retz,Cardinal de Retz,1717,
The Memoirs of the Duke of Saint-Simon on the Reign of Louis XIV. and the Regency,Louis de Rouvroy Saint-Simon (duc de),1755,
Freakonomics,Steven D. Levitt and Stephen J. Dubner,2005,
Great Bridge,David McCullough,1972,
Me Talk Pretty One Day,David Sedaris,2000,
"Eats, Shoots and Leaves",Lynne Truss,2003,
Reading Lolita in Tehran,Azar Nafisi,2003,
The Selfish Gene,Richard Dawkins,1976,
The Liars' Club,Mary Karr,1995,
Bad Science,Ben Goldacre,2008,
Parting the Waters,Taylor Branch,1988,
London: The Biography,Peter Ackroyd,2000,
How to Cook,Delia Smith,1971,
All the President's Men,"Bob Woodward, Carl Bernstein",1974,
The Omnivore's Dilemma,Michael Pollan,2006,
Notes from a Small Island,Bill Bryson,1995,
On War,Carl Von Clausewitz,1832,
The Devil In The White City,Erik Larson,2003,
Citizens,Simon Schama,1989,
The Life of Charlotte BrontÃ«,Elizabeth Gaskell,1857,
"Unbroken: A World War II Story of Survival, Resilience, and Redemption",Laura Hillenbrand,2010,
The Haunted Land,Tina Rosenberg,1995,
Master of the Senate,Robert Caro,2002,
Russia Leaves the War,George F. Kennan,1956,
The Hemingses of Monticello,Annette Gordon-Reed,2008,
The Path to Power,Robert Caro,1982,
Edith Wharton: A Biography,R. W. B. Lewis,1975,
The Swerve: How the World Became Modern,Stephen Greenblatt,2011,
A Stillness at Appomattox,Bruce Catton,1953,
Common Sense,Thomas Paine,1775,
The Revolt of the Masses,JosÃ© Ortega y Gasset,1929,
The Great War and Modern Memory,Paul Fussell,1975,
This Boy's Life,Tobias Wolff,1989,
West With the Night,Beryl Markham,1942,
Why We Can't Wait,"Martin Luther King, Jr.",1964,
Rationalism in Politics,Michael Oakeshott,1962,
Zeitoun,Dave Eggers,2009,
Economy and Society,Max Weber,1922,
The Journalist and the Murderer,Janet Malcolm,1990,
Shadow and ACT,Ralph Ellison,1964,
The Unsettling of America,Wendell Berry,1960,
The Tao of Physics,Fritjof Capra,1975,
Titi Livi Ab urbe condita libri,Livy,-9,
Sociobiology,Edward O. Wilson,1975,
Centesimus Annus,Pope John Paul II,1991,
The Pursuit of the Millennium,Norman Cohn,1957,
The Great Terror,Robert Conquest,1968,
Chronicles of Wasted Time,Malcolm Muggeridge,1972,
Maus,Art Spiegelman,1986,
The Everlasting Man,G. K. Chesterton,1925,
An Essay Concerning Human Understanding,John Locke,1690,
Maximes,Francois duc de La Rochefoucauld,1680,
Les Caracteres,Jean de La Bruyere,1688,
Lettres de madame de Sauvigne,Marie de Rabutin-Chantal marquise de Sauvigne,1696,
Radical Chic and Mau-Mauing the Flak Catchers,Tom Wolfe,1970,
Love's Work,Gillian Rose,1995,
Reveries of a Solitary Walker,Jean-Jacques Rousseau,1782,
"Emile, or On Education",Jean-Jacques Rousseau,1762,
The True History of the Conquest of New Spain,Bernal Díaz del Castillo,1576,
Memoirs of My Nervous Illness,Daniel Paul Schreber,1903,
Borstal Boy,Brendan Behan,1958,
Thoughts for the Times on War and Death,Sigmund Freud,1952,
The Origin and Development of Psycho-Analysis,Sigmund Freud,1952,
An Introduction to Metaphysics,Henri Bergson,1903,
The Problems of Philosophy,Bertrand Russell,1912,
An Introduction to Mathematics,Alfred North Whitehead,1910,
What Is Life?,Erwin Schrodinger,1929,
New Introductory Lectures on Psycho-Analysis,Sigmund Freud,1933,
The Expanding Universe,Arthur Eddington,1948,
The Nature of Life,C. H. Waddington,1961,
The Acquisitive Society,R. H. Tawney,1921,
The Drowned and the Saved,Primo Levi,1986,
Almagest,Ptolemy,150,
The Theory of the Leisure Class,Thorstein Veblen,1899,
Cataract,Mykhaylo Osadchy,1971,
Physics and Philosophy,Werner Heisenberg,1934,
The Ego and the Id,Sigmund Freud,1923,
Promise at Dawn,Romain Gary,1960,
"Inhibitions, Symptoms, and Anxiety",Sigmund Freud,1893,
Experience in Education,John Dewey,1938,
Atomic Theory and the Description of Nature,Niels Bohr,1952,
The Provincial Letters,Blaise Pascal,1656,
Structural Anthropology,Claude Levi-Strauss,1963,
Epitome of Copernican Astronomy,Johannes Kepler,1617,
Group Psychology and the Analysis of the Ego,Sigmund Freud,1922,
The Rebel,Albert Camus,1951,
Storm of Steel,Ernst Junger,1920,
Scientific Autobiography and Other Papers,Max Planck,1949,
On Food and Cooking: The Science and Lore of the Kitchen,Harold McGee,1984,
Pavel's Letters,Monika Maron,1999,
Discussion with Einstein on Epistemology,Niels Bohr,1965,
"Observations on ""Wild"" Psycho-Analysis",Sigmund Freud,1952,
Hideous Kinky,Esther Freud,1992,
Beyond the Pleasure Principle,Sigmund Freud,1920,
Selected Papers on Hysteria,Sigmund Freud,1912,
Repression,Sigmund Freud,1950,
On Narcissism,Sigmund Freud,1914,
Essays in Sociology,Max Weber,1958,
Wittgenstein's Nephew,Thomas Bernhard,1982,
Down Second Avenue,Es'kia Mphahlele,1959,https://www.penguinrandomhouse.com/books/311029/down-second-avenue-by-eskia-mphahlele/
Science and the Modern World,Alfred North Whitehead,1925,
Science and Hypothesis,Henri Poincare,1905,
What Is Metaphysics?,Martin Heidegger,1930,
Instincts and Their Vicissitudes,Sigmund Freud,1915,
The Future Prospects of Psycho-Analytic Therapy,Sigmund Freud,1910,
The Word of God and the Word of Man,Karl Barth,1952,
A General Introduction to Psycho-Analysis,Sigmund Freud,1952,
The Memory of Fire Trilogy,Eduardo Galeano,1986,
Before Night Falls,Reinaldo Arenas,1992,
Life is a Carawanserai Has Two Doors I Went in One I Came out the Other,Emine Sevgi Ozdamar,1992,https://en.wikipedia.org/wiki/Emine_Sevgi_%C3%96zdamar
The Unheavenly City,Edward C. Banfield,1970,
Critique of Pure Reason,Immanuel Kant,1781,
The End of History and the Last Man,Francis Fukuyama,1992,
Correspondence,Voltaire,1778,
Duke of Deception,Geoffrey Wolff,1979,
The Works of Max Beerbohm,Max Beerbohm,1896,
The Joy of Cooking,"Irma S. Rombauer, Marion Rombauer Becker, and Ethan Becker",1936,
Hollywood Babylon,Kenneth Anger,1959,
Essential Cuisine,Michel Bras,2002,
The Americans,Robert Frank,1958,
The Emperor,Ryszard Kapuscinski,1978,
Larousse Gastronomique: The World's Greatest Culinary Encyclopedia,Joel Robuchon,2009,
El Bulli: 1998-2002,"Ferran Adria, Juli Soler, Albert Adria",2002,
"Our Band Could Be Your Life: Scenes from the American Indie Underground, 1981-1991",Michael Azerrad,2001,
Philosophical Writings,Novalis,1801,
The Nicomachean Ethics,Aristotle,-400,
God and Man at Yale,"William F. Buckley, Jr.",1951,
Ideas Have Consequences,Richard M. Weaver,1948,
The Economy of Cities,Jane Jacobs,1969,
The Closing of the American Mind,Allan Bloom,1987,
Ethnic America,Thomas Sowell,1981,
A Vindication of the Rights of Woman,Mary Wollstonecraft,1798,
Three Case Histories,Sigmund Freud,1963,
The Struggle for Europe,Chester Wilmot,1952,
Systematic Theology,Wolfhart Pannenberg,1988,
The Campaign of the Marne,Sewell Tyng,1925,
Tractatus Logico-Philosophicus,Ludwig Wittgenstein,1921,
Insight: A Study of Human Understanding,Bernard Lonergan,1957,
Disraeli,Robert Blake,1967,
Democracy and Leadership,Irving Babbitt,1924,
The Machiavellians,James Burnham,1943,
Reflections of a Russian Statesman,Konstantin P. Pobedonostsev,1898,
A Dictionary of the English Language,Samuel Johnson,1755,
The Armies of the Night,Norman Mailer,1968,
The ABC of Reading,Ezra Pound,1934,
The Spirit of St. Louis,Charles Lindbergh,1953,
Second World War,John Keegan,1990,
The Making of Homeric Verse,Milman Parry,1971,
Care of the Soul: Guide for Cultivating Depth and Sacredness,Thomas Moore,1992,
The Strange Ride of Rudyard Kipling,Angus Wilson,1977,
The Noonday Demon,Andrew Solomon,2001,
Scrutiny,F. R. Leavis,1947,
The Edge of the Sword,Charles De Gaulle,1960,
Slavery by Another Name,Douglas A. Blackmon,2008,
Bureaucracy,Ludwig von Mises,1945,
The Spirit Catches You and You Fall Down,Anne Fadiman,1997,
Mary Chestnut's Civil War,Mary Chesnut,1982,
Backlash,Susan Faludi,1991,
"Far From the Tree: Parents, Children and the Search for Identity",Andrew Solomon,2012,
The Warmth of Other Suns: The Epic Story of America's Great Migration,Isabel Wilkerson,2010,
We Wish to Inform You That Tomorrow We Will Be Killed With Our Families: Stories from Rwanda,Philip Gourevitch,1998,
Orientalism,Edward W. Said,1978,
The Forever War,Dexter Filkins,2008,
United States: Essays 1952-1992,Gore Vidal,1993,
Anti-intellectualism in American Life,Richard Hofstadter,1963,
The Age of Wonder: How the Romantic Generation Discovered the Beauty and Terror of Science,Richard Holmes,2008,
Growing Up,Russell Baker,1982,
The Good War,Studs Terkel,1984,
A Distant Mirror,Barbara Tuchman,1978,
John Adams,David McCullough,2001,
Arctic Dreams,Barry Lopez,1986,
"The Making of the President, 1960",Theodore White,1961,
Balzac,Stefan Zweig,1946,
The Road from Coorain,Jill Ker Conway,1989,
The Good Society,Walter Lippmann,1937,
The Christian Tradition,Jaroslav Pelikan,1973,
Strange Defeat,Marc Bloch,1944,
Looking Back,Norman Douglas,1998,
Mont-Saint-Michel and Chartres,Henry Adams,1918,
Poetry and the Age,Randall Jarrell,1953,
Love in the Western World,Denis de Rougemont,1939,
Wealth and Poverty,George Gilder,1981,
Darwin's Black Box,Michael J. Behe,1996,
The Way the World Works,Jude Wanniski,1978,
To the Finland Station,Edmund Wilson,1940,
Civilisation,Kenneth Clark,1969,
The Russian Revolution,Richard Pipes,1990,
The Idea of History,R. G. Collingwood,1946,
The Last Lion,William Manchester,1988,
The Starr Report,Kenneth W. Starr,1998,
Mencius,Mencius,-400,
The Fire Next Time,James Baldwin,1963,
Basic Documents in American History,Richard Brandon Morris,1956,
The Artist's Way,Julia Cameron,1992,
The Meaning of Truth,William James,1909,
Democratic Vistas,Walt Whitman,1871,
The Voices of Marrakesh: A Record of a Visit,Elias Canetti,1978,
Records of the Grand Historian,Sima Qian,-91,
Kafka's Other Trial,Elias Canetti,1974,
The Subjection of Women,John Stuart Mill,1869,
The Pillow Book,Sei Shonagon,1002,
A Fire on the Moon,Norman Mailer,1970,
Geography,Ptolemy,150,
An Autobiography of Anthony Trollope,Anthony Trollope,1883,
Narrative of the Life of Frederick Douglass,Frederick Douglass,1845,
The Argonauts,Maggie Nelson,2015,
A History of Philosophy,Frederick Charles Copleston,1946,
Understanding Poetry,Cleanth Brooks and Robert Penn Warren,1938,
Prejudices,H. L. Mencken,1919,
Natural Right and History,Leo Strauss,1953,
Lost in the Cosmos,Walker Percy,1983,
The Stripping of the Altars,Eamon Duffy,1992,
The Whig Interpretation of History,Herbert Butterfield,1931,
The New Science of Politics,Eric Voegelin,1952,
The Triumph of the Therapeutic,Philip Rieff,1966,
Persons and Places,George Santayana,1944,
After Virtue,Alasdair MacIntyre,1981,
Religion and the Rise of Western Culture,Christopher Dawson,1950,
Teacher in America,Jacques Barzun,1945,
The Great Chain of Being,Arthur Lovejoy,1936,
"Protestant, Catholic, Jew",Will Herberg,1955,
Galapagos: World's End,William Beebe,1924,
Napoleon,Vincent Cronin,1971,
The Two-Ocean War: A Short History of the United States Navy in the Second World War,Samuel Eliot Morison,1963,
The Name Above the Title: An Autobiography,Frank Capra,1971,
Microbe Hunters,Paul de Kruif,1926,
Escape from Freedom,Erich Fromm,1941,
Roosevelt: The Lion and the Fox (1882â€“1940),James MacGregor Burns,1956,
The Reason Why,Cecil Woodham-Smith,1953,
One Two Three . . . Infinity: Facts and Speculations of Science,George Gamow,1947,
Phaedo,Plato,-399,
An Anatomical Exercise on the Motion of the Heart and Blood in Living Beings,William Harvey,1628,
EncyclopÃ©die,Denis Diderot,1751,
Areopagitica,John Milton,1644,
Crito,Plato,-399,
Euthyphro,Plato,-399,
The Proper Study of Mankind,Isaiah Berlin,1997,
The Principia Mathematica,Alfred North Whitehead and Bertrand Russell,1913,
A People's History of the United States,Howard Zinn,1980,
The 18th Brumaire of Louis Bonaparte,Karl Marx,1852,
Letters from an American Farmer,J. Crevecoeur,1782,
Essays and Aphorisms,Arthur Schopenhauer,1860,
The Kon-Tiki Expedition: By Raft Across the South Seas,Thor Heyerdahl,1948,
My Childhood,Maxim Gorky,1913,
Germania,Cornelius Tacitus,98,
"Human, All Too Human",Friedrich Nietzsche,1878,
I Will Bear Witness,Victor Klemperer,1998,
The Son of a Servant,August Strindberg,1886,
Homo Ludens: A Study of the Play-Element in Culture,Johan Huizinga,1938,
Parerga and Paralipomena,Arthur Schopenhauer,1851,
The Twilight of the Idols and The Antichrist,Friedrich Nietzsche,1889,
My Life,Leon Trotsky,1929,
The Mirror and the Lamp,Meyer Howard Abrams,1953,
The Art of the Soluble: Creativity and Originality in Science,Peter B. Medawar,1967,
Three Cups of Tea,"Greg Mortenson, David Oliver Relin",2006,
A Theory of Justice,John Rawls,1971,
Art and Illusion,Ernest H. Gombrich,1960,
A Man in Love: My Struggle,Karl Ove Knausgaard,2013,
Principia Ethica,George Moore,1903,
Kaffir Boy,Mark Mathabane,1986,
Philosophy and Civilization,John Dewey,1931,
On Growth and Form,D'Arcy Wentworth Thompson,1917,
Ideas and Opinions,Albert Einstein,1954,
Tell Me How It Ends: An Essay in 40 Questions,Valeria Luiselli,2017,
Men We Reaped,Jesmyn Ward,2013,
The Light of the World,Elizabeth Alexander,2015,
The Best We Could Do: An Illustrated Memoir,Thi Bui,2017,
Priestdaddy: A Memoir,Patricia Lockwood,2017,
Albert Murray: Collected Essays & Memoirs,Albert Murray,2016,
The Afterlife: A Memoir,Donald Antrim,2006,
The Gentrification of the Mind,Sarah Schulman,2012,
The Private Life of Chairman Mao,Li Zhi-Sui,1994,
Staying Power: The History of Black People in Britain,Peter Fryer,1984,
Science and Civilisation in China,Joseph Needham,1954,
The Autobiography of Mark Twain,Mark Twain,1959,
First They Killed My Father: A Daughter of Cambodia Remembers,Loung Ung,2000,
Working,Studs Terkel,1974,
Darkness Visible,William Styron,1989,
"Daring Greatly: How the Courage to Be Vulnerable Transforms the Way We Live, Love, Parent, and Lead",Brene Brown,2012,
Schott's Original Miscellany,Ben Schott,2002,
The Anglo-Saxon Chronicle,Unknown,875,
Venice,Jan Morris,1960,
A History of the English-Speaking Peoples,Winston Churchill,1956,
Moneyball,Michael M. Lewis,2003,
The Origins of the Second World War,A. J. P. Taylor,1961,
L'EncyclopÃ©die,Diderot,1751,
Diaries,Alan Clark,1983,
The Beauty Myth,Naomi Wolf,1991,
Lives of the Artists,Giorgio Vasari,1908,
Kitchen Confidential,Anthony Bourdain,2000,
A History of the World in 100 Objects,Neil MacGregor,2010,
A Child Called 'It',Dave Pelzer,1995,
A People's Tragedy,Orlando Figes,1996,
A History of the Crusades,Stephen Runciman,1951,
A Year in Provence,Peter Mayle,1989,
Born to Run,Chris McDougall,2009,
Memoirs of a Fox-Hunting Man,Siegfried Sassoon,1928,
The Hare with Amber Eyes: A Family's Century of Art and Loss,Edmund de Waal,2010,
Red Scarf Girl,Ji-li Jiang,1998,
In the American Grain,William Carlos Williams,1925,
Cadillac Desert,Marc Reisner,1986,
I Have Lived a Thousand Years,Livia Bitton-Jackson,1997,
The Sweet Science,A. J. Liebling,1956,
Religion And The Rise Of Capitalism,R. H. Tawney,1922,
The Hero with a Thousand Faces,Joseph Campbell,1949,
A Preface to Morals,Walter Lippmann,1929,
The Gate of Heavenly Peace,Jonathan D. Spence,1982,
The Strange Career of Jim Crow,C. Vann Woodward,1955,
All But My Life,Gerda Weissmann Klein,1957,
My Forbidden Face,Latifa,2001,
The Rise of the West,William H. McNeill,1991,
The Gnostic Gospels,Elaine Pagels,1979,
Florence Nightingale,Cecil Woodham-Smith,1983,
Falling Leaves,Adeline Yen Mah,1997,
In My Hands,Irene Opdyke,1999,
Studies in Iconology,Erwin Panofsky,1939,
The Strange Death of Liberal England,George Dangerfield,1935,
Vermeer,Lawrence Gowing,1952,
Funny in Farsi,Firoozeh Dumas,2003,
Enrique's Journey,Sonia Nazario,2006,
American Shaolin,Matthew Polly,2006,
Consider The Lobster,David Foster Wallace,2005,
The American Political Tradition,Richard Hofstadter,1948,
Contours of American History,William Appleman Williams,1961,
The Promise of American Life,Herbert Croly,1909,
The Taming of Chance,Ian Hacking,1990,
Chinese Cinderella,Adeline Yen Mah,1999,
Operating Instructions,Anne Lamott,1994,
Melbourne,David Cecil,1954,
A Sand County Almanac,Aldo Leopold,1949,
Madame Curie - A Biography by Eve Curie,Eve Curie,2001,
The Frugal Superpower: America's Global Leadership in a Cash-Strapped Era,Michael Mandelbaum,2010,
"""Surely You're Joking, Mr. Feynman!"": Adventures of a Curious Character",Richard P. Feynman,1985,
"The Road Less Travelled: A New Psychology of Love, Traditional Values and Spiritual Growth",M. Scott Peck,1978,
Entropy,"Jeremy Rifkin, Ted Howard",1980,
Eating Animals,Jonathan Safran Foer,2009,
Free to Choose: A Personal Statement,"Milton Friedman, Rose Friedman",1980,
Small Is Beautiful: Economics as if People Mattered,E. F. Schumacher,1973,
How Democracies Perish,Jean Francois Revel,1983,
Farm Hands: Hard Work and Hard Lessons from Western New York Fields,Tom Rivers,2010,
The Shock Doctrine: The Rise of Disaster Capitalism,Naomi Klein,2007,
"Why the West Rules - For Now: The Patterns of History, and What They Reveal About the Future",Ian Morris,2010,
The Dancing Wu Li Masters,Gary Zukav,1979,
Soul of a Citizen: Living with Conviction in Challenging Times,Paul Rogat Loeb,1999,
The Death of Woman Wang MMP,Jonathan Spence,1978,
Ain't No Makin' It: Aspirations and Attainment in a Low-income Neighborhood,Jay MacLeod,1987,
Last Train to Memphis,Peter Guralnick,1994,
All Over But The Shoutin',Rick Bragg,1999,
Mastering the Art of French Cooking,"Julia Child, Simone Beck, and Louisette Bertholle",1961,
We Tell Ourselves Stories in Order to Live: Collected Nonfiction,Joan Didion,2006,
The World as Will and Idea,Arthur Schopenhauer,1818,
Sybil,Flora Rheta Schreiber,1973,
Nickel And Dimed,Barbara Ehrenreich,2001,
Against Interpretation,Susan Sontag,1966,
Being and Nothingness,Jean-Paul Sartre,1943,
Becoming a Man: Half a Life Story,Paul Monette,1992,
Roosevelt and Hopkins,Robert E. Sherwood,1949,
"The Transformation of Virginia, 1740-1790",Rhys L. Isaac,1983,
The Life of Sir William Osler,Harvey Cushing,1925,
Hamilton Fish,Allan Nevins,1937,
Summer for the Gods,Edward Larson,1997,
Facts of Life,Maureen Howard,1977,
Unfinished Business,Stephen Bonsal,2004,
The War of Independence,Claude H. Van Tyne,1929,
The Flowering of New England,Van Wyck Brooks,1937,
Exploration and Empire: The Explorer and the Scientist in the Winning of the American West,William H. Goetzmann,1966,
Whitman,Emory Holloway,1927,
John Paul Jones,Samuel Eliot Morison,1959,
Huey Long,Thomas Harry Williams,1969,
A History of the Civil War,James Ford Rhodes,1918,
Origins of the Fifth Amendment,Leonard W. Levy,1968,
Roosevelt: The Soldier Of Freedom,James MacGregor Burns,1970,
The Era of Good Feelings,George Dangerfield,1952,
George Bancroft: Brahmin Rebel,Russel Blaine Nye,1945,
A History of American Magazines,Frank Luther Mott,1939,
Grant: A Biography,William S. McFeely,1981,
Lindbergh,A. Scott Berg,1989,
The Growth of American Thought,Merle Curti,1943,
Khrushchev: The Man and His Era,William Taubman,2003,
A Daughter of the Middle Border,Hamlin Garland,1922,
The Significance of Sections in American History,Frederick J. Turner,1933,
Charles W. Eliot,Henry James,1930,
Eden's Outcasts,John Matteson,2008,
Johnathan Edward,Ola Elizabeth Winslow,1941,
Weapons and Hope,Freeman Dyson,1983,
Charles Evans Hughes,Merlo J. Pusey,1951,
The Supreme Court in United States History,Charles Warren,1924,
de Kooning,Mark Stevens and Annalyn Swan,2005,
Abraham Lincoln: The War Years,Carl Sandburg,1939,
A History of the United States,Edward Channing,1926,
The Colonial Period of American History,Charles McLean Andrews,1935,
Theodore Roosevelt,Henry F. Pringle,1932,
Forgotten First Citizen: John Bigelow,Margaret Clapp,1948,
The Shock of the New,Robert Hughes,1980,
A Midwife's Tale,Laurel Thatcher Ulrich,1990,
The Soul of a New Machine,Tracy Kidder,1981,
The Emperor of All Maladies: A Biography of Cancer,Siddhartha Mukherjee,2010,
Grover Cleveland,Allan Nevins,1934,
The Measure of Man,Joseph Wood Krutch,1954,
"The Coming of the War, 1914",Bernadotte E. Schmitt,1931,
Days of Sorrow and Pain: Leo Baeck and the Berlin Jews,Leonard Baker,1978,
On Human Nature,E. O. Wilson,1979,
Fin-de-SiÃ¨cle Vienna,Carl E. Schorske,1980,
Young Men and Fire,Norman Maclean,1993,
Rough Crossings,Simon Schama,2005,
What Hath God Wrought,Daniel Walker Howe,2007,
Admiral of the Ocean Sea,Samuel Eliot Morison,1942,
The Reformation,Diarmaid MacCulloch,2003,
Eichmann in Jerusalem: A Report on the Banality of Evil,Hannah Arendt,1963,
"The Prize: The Epic Quest for Oil, Money, and Power",Daniel Yergin,1990,
Walter Lippmann and the American Century,Ronald Steel,1980,
The Founding of New England,James Truslow Adams,1921,
The Disruption of American Democracy,Roy Franklin Nichols,1948,
George Washington,Douglas Southall Freeman,1957,
Gulag: A History,Anne Applebaum,2003,
"The Impending Crisis, 1841-1867",David M. Potter,1977,
A Thousand Days,"Arthur M. Schlesinger, Jr.",1966,
Polio: An American Story,David M. Oshinsky,2005,
An American in Italy,Herbert Kubly,1955,
The Worst Hard Time,Timothy Egan,2005,
Medical Apartheid,Harriet A. Washington,2007,
Stilwell and the American Experience in China,Barbara Wertheim Tuchman,1971,
A Problem from Hell: America and the Age of Genocide,Samantha Power,2002,
Founding Brothers: The Revolutionary Generation,Joseph Ellis,2000,
Grundrisse: Foundations of the Critique of Political Economy,Karl Marx,1858,
The Denial of Death,Ernest Becker,1973,
Banks and Politics in America,Bray Hammond,1957,
Henry Adams,Ernest Samuels,1965,
Newjack: Guarding Sing Sing,Ted Conover,2001,
"Time, Love, Memory",Jonathan Weiner,1999,
Fire in the Lake,Frances FitzGerald,1972,
John Hay,Tyler Dennett,1933,
Beautiful Swimmers,William Warner,1976,
Move Your Shadow,Joseph Lelyveld,1985,
Ralph Waldo Emerson,Ralph L. Rusk,1950,
Freedom,Orlando Patterson,1991,
The American Orchestra and Theodore Thomas,Charles Edward Russell,1927,
Gotham: A History of New York City,Edwin G. Burrows,1998,
In Our Image: America's Empire in the Philippines,Stanley Karnow,1989,
In the Days of McKinley,Margaret Leech,1960,
The American Revolution: A Constitutional Interpretation,Charles Howard McIlwain,1924,
Between War and Peace: The Potsdam Conference,Herbert Feis,1960,
Ghost Wars,Steve Coll,2004,
Great River: The Rio Grande in North American History,Paul Horgan,1955,
Crusader in Crinoline,Forrest Wilson,1942,
My Experiences in the World War,John J. Pershing,1932,
The Atlantic Migration,Marcus Lee Hansen,1860,
The Autobiography of William Allen White,William Allen White,1946,
Machiavelli in Hell,Sebastian de Grazia,1989,
War Without Mercy,John W. Dower,1986,
An Army at Dawn,Rick Atkinson,2002,
Oscar Wilde,Richard Ellmann,1988,
The Broken Cord,Michael Dorris,1988,
Pinckney's Treaty,Samuel Flagg Bemis,1927,
History of the American Frontier,Frederic L. Paxson,1924,
Benjamin Franklin,Carl Van Doren,1938,
Benjamin Henry Latrobe,Talbot Faulkner Hamlin,1956,
Bad Land: An American Romance,Jonathan Raban,1996,
"American Education: The National Experience, 1783-1876",Lawrence A. Cremin,1981,
The Lion and the Throne,Catherine Drinker Bowen,1957,
Scientists Against Time,James Phinney Baxter III,1947,
Barrett Wendell and His Letters,M. A. Dewolfe Howe,1925,
The Life of John Marshall,Albert J. Beveridge,1919,
The Uprooted,Oscar Handlin,1952,
Pedlar's Progress,Odell Shepard,1938,
Arc of Justice,Kevin Boyle,2004,
A Nation under Our Feet,Steven Hahn,2003,
Munich: The Price of Peace,Telford Taylor,1979,
The Heavens and the Earth,Walter A. McDougall,1986,
American Prometheus,Kai Bird and Martin J. Sherwin,2005,
The War with Mexico,Justin H. Smith,1920,
The Victory at Sea,William Sowden Sims,1921,
The Ideological Origins of the American Revolution,Bernard Bailyn,1968,
The Visible Hand,"Alfred D. Chandler, Jr.",1977,
"Benjamin Franklin, Self-Revealed",William Cabell Bruce,1917,
The American Leonardo: The Life of Samuel F B. Morse,Carleton Mabee,1943,
Memoirs,George Frost Kennan,1968,
O Strange New World,Howard Mumford Jones,1964,
Wandering Through Winter,Edwin Way Teale,1965,
Gandhi's Truth,Erik H. Erikson,1969,
Why Survive? Being Old in America,Robert Neil Butler,1975,
Louise Bogan: A Portrait,Elizabeth Frank,1986,
Is There No Place On Earth For Me?,Susan Sheehan,1982,
Arab and Jew: Wounded Spirits in a Promised Land,David K. Shipler,1986,
Hirohito and the Making of Modern Japan,Herbert P. Bix,2000,
The Years of Extermination,Saul Friedlander,2007,
The Land Where the Blues Began,Alan Lomax,1993,
The Course of Empire,Bernard A. DeVoto,1952,
Mistress to an Age: A Life of Madame De Stael,J. Christopher Herold,1958,
Five Days at Memorial: Life and Death in a Storm-Ravaged Hospital,Sheri Fink,2013,
The Americanization of Edward Bok,Edward Bok,1921,
The Race Beat,Gene Roberts and Hank Klibanoff,2006,
Rousseau and Revolution,Will and Ariel Durant,1967,
Art and Life in America,Oliver W. Larkin,1950,
The Life of the Mind in America,Perry Miller,1965,
The Fiery Trial: Abraham Lincoln and American Slavery,Eric Foner,2010,
"The Old Northwest, Pioneer Period 1815-1840",R. Carlyle Buley,1951,
"Age of Ambition: Chasing Fortune, Truth, and Faith in the New China",Evan Osnos,2014,
The Greenback Era,Irwin Unger,1965,
Waiting for Snow in Havana: Confessions of a Cuban Boy,Carlos Eire,2003,
Washington's Crossing,David Hackett Fischer,2003,
The Unwinding: An Inner History of the New America,George Packer,2013,
God: A Biography,Jack Miles,1995,
The Rising Sun,John Toland,1970,
Freedom From Fear: The American People,David M. Kennedy,1999,
Bearing the Cross: Martin Luther King Jr. and the Southern Christian Leadership Conference,David J. Garrow,1986,
The Social Transformation of American Medicine,Paul Starr,1982,
The Problem of Slavery in Western Culture,David Brion Davis,1966,
So Human an Animal,RenÃ© Dubos,1969,
Lincoln at Gettysburg,Garry Wills,1992,
Ashes to Ashes,Richard Kluger,1996,
The Organization and Administration of the Union Army,Fred Albert Shannon,1928,
Voyagers to the West: A Passage in the Peopling of America on the Eve of the Revolution,Bernard Bailyn,1987,
The Rape of Europa,Lynn Nicholas,1995,
Toms River: A Story of Science and Salvation,Dan Fagin,2013,
Malcolm X: A Life of Reinvention,Manning Marable,2011,
Lords of Finance: The Bankers Who Broke the World,Liaquat Ahamed,2009,
"W.E.B. Dubois : Biography of a Race, 1868â€“1919",David Levering Lewis,1993,
Neither Black Nor White,Carl N. Degler,1972,
The Life and Letters of Walter H. Page,Burton J. Hendrick,1923,
Son of the Wilderness,Linnie Marsh Wolfe,1946,
Jackson Pollock: An American Saga,Steven Naifeh and Gregory White Smith,1989,
Fortunate Son: The Autobiography of Lewis B. Puller Jr.,Lewis B. Puller,1991,
From Beirut to Jerusalem,Thomas L. Friedman,1995,
Legacy of Ashes: The History of the CIA,Tim Weiner,2007,
William Cooper's Town,Alan Taylor,1995,
"Woodrow Wilson, Life and Letters",Ray Stannard Baker,1939,
Prophets of Regulation,Thomas K. McCraw,1984,
The Man From New York: John Quinn and His Friends,Benjamin Lawrence Reid,1969,
Paul Revere and the World He Lived In,Esther Forbes,1942,
A Constitutional History of the United States,Andrew C. McLaughlin,1935,
The Republican Era: 1869-1901,Leonard D. White and Jean Schneider,1959,
"The Triumphant Empire: Thunder-Clouds Gather in the West, 1763-1766",Lawrence H. Gipson,1962,
"Washington, Village and Capital, 1800-1878",Constance McLaughlin Green,1963,
The Americans: The Democratic Experience,Daniel J. Boorstin,1973,
The Dred Scott Case,Don E. Fehrenbacher,1979,
The Dead Hand: The Untold Story of the Cold War Arms Race and Its Dangerous Legacy,David Hoffman,2009,
Been in the Storm So Long,Leon F. Litwack,1979,
The Sea Around Us,Rachel Carson,1951,
Embers of War: The Fall of an Empire and the Making of America's Vietnam,Fredrik Logevall,2012,
"The Internal Enemy: Slavery and War in Virginia, 1772-1832",Alan Taylor,2013,
The Content of Our Character,Shelby Stelle,1989,
Imperial Reckoning,Caroline Elkins,2005,
Luce and His Empire,W.A. Swanberg,1973,
John C. Calhoun: American Portrait,Margaret Louise Coit,1951,
No Ordinary Time,Doris Kearns Goodwin,1995,
John Keats,Walter Jackson Bate,1964,
Man and His Symbols,Carl Gustav Jung,1964,
Edmund Pendleton 1721â€“1803,David J. Mays,1952,
Eleanor and Franklin,Joseph P. Lash,1972,
Harriet Beecher Stowe: A Life,Joan D. Hedrick,1994,
Between the World and Me,Ta-Nehisi Coates,2015,
Herman Melville,Newton Arvin,1950,
The People's Choice,Herbert Agar,1933,
Just Kids,Patti Smith,2010,
The Price of Power,Seymour M. Hersh,1982,
The Road to Reunion,Paul Herman Buck,1900,
People of Paradox,Michael Kammen,1973,
The Radicalism of the American Revolution,Gordon S. Wood,1992,
And Their Children After Them,Dale Maharidge and Michael Williamson,1989,
Carry Me Home,Diane McWhorter,2001,
Lamy of Santa Fe,Paul Horgan,1975,
John Quincy Adams and the Foundations of American Foreign Policy,Samuel Flagg Bemis,1949,
"The Launching of Modern American Science, 1846-1876",Robert V. Bruce,1987,
The Course of American Democracy,Robert V. Remini,1984,
American Lion: Andrew Jackson in the White House,Jon Matteson,2009,
The Metaphysical Club: A Story of Ideas,Louis Menand,2001,
From Immigrant to Inventor,Michael I. Pupin,1924,
The Thought and Character of William James,Ralph Barton Perry,1935,
"Woodrow Wilson, American Prophet",Arthur Walworth,1959,
"Booker T. Washington: The Wizard of Tuskegee, 1901â€“1915",Louis R. Harlan,1983,
The Life and Times of Cotton Mather,Kenneth Silverman,1984,
Mr. Clemens and Mark Twain,Justin Kaplan,1966,
Peter the Great: His Life and World,Robert K. Massie,1980,
Stamped from the Beginning: The Definitive History of Racist Ideas in America,Ibram X. Kendi,2016,
The Future Is History: How Totalitarianism Reclaimed Russia,Masha Gessen,2017,
Across the Wide Missouri,Bernard DeVoto,1947,
"O'Neill, Son and Artist",Louis Sheaffer,1974,
Charles Sumner and the Coming of the Civil War,David Donald,1961,
Sons of Mississippi,Paul Hendrickson,2002,
With Americans of Past and Present Days,Jean Jules Jusserand,1916,
Original Meanings,Jack N. Rakove,1997,
The First Tycoon: The Epic Life of Cornelius Vanderbilt,T. J. Stiles,2009,
How We Die: Reflections on Life's Final Chapter,Sherwin B. Nuland,1994,
The Most Famous Man in America,Debby Applegate,2007,
Personal History,Katharine Graham,1997,
Lenin's Tomb: The Last Days of the Soviet Empire,David Remnick,1994,
The Beak of the Finch: A Story of Evolution in Our Time,Jonathan Weiner,1994,
Annals of the Former World,John McPhee,1998,
Embracing Defeat: Japan in the Wake of World War II,John W. Dower,1999,
"Behind the Beautiful Forevers: Life, Death, and Hope in a Mumbai Undercity",Katherine Boo,2012,
The Dragons of Eden,Carl Sagan,1977,
The Fate of Liberty: Abraham Lincoln and Civil Liberties,"Mark E. Neely, Jr.",1991,
Puritan Village: The Formation of a New England Town,Sumner Chilton Powell,1963,
Double Fold: Libraries and the Assault on Paper,Nicholson Baker,2001,
A Civil Action,Jonathan Harr,1996,
The Life of Andrew Jackson,Marquis James,1937,
The Training of an American: The Earlier Life and Letters of Walter H. Page,Burton J. Hendrick,1928,
The Taft Story,William S. White,1955,
Vera,Stacy Schiff,2000,
W.E.B. Du Bois: The Fight for Equality and The American Century,David Levering Lewis,2001,
Julia Ward Howe,Laura E. Richards and Maud Howe Elliott,1916,
A Prince of Our Disorder: The Life of T E. Lawrence,John E. Mack,1976,
"Robert Frost: The Years of Triumph, 1915 - 1938",Lawrence Thompson,1971,
"Devil in the Grove: Thurgood Marshall, the Groveland Boys, and the Dawn of a New America",Gilbert King,2012,
Liberty's Exiles: American Loyalists in the Revolutionary World,Maya Jasanoff,2011,
The Raven,Marquis James,1930,
Into Thin Air,Jon Krakauer,1997,
Fun Home: A Family Tragicomic,Alison Bechdel,2006,
No Logo,Naomi Klein,2000,
Experience,Martin Amis,2000,
The Feminine Mystique,Betty Friedan,1963,
The God Delusion,Richard Dawkins,2006,
One Writer's Beginnings,Eudora Welty,1983,
The 9/11 Commission Report,9/11 Commission,2004,
Travels in the Interior Districts of Africa,Mungo Park,1795,
The Rest is Noise,Alex Ross,2007,
The Consolation of Philosophy,Boethius,524,
Canon of Medicine,Avicenna,1025,
Atlas,Gerardus Mercator,1585,
Catiline Orations,Marcus Tullius Cicero,-63,
Scepticism and Animal Faith,George Santayana,1923,
Kama Sutra,Vatsyayana,200,
The Age of Reason,Thomas Paine,1794,
Biographia Literaria,Samuel Taylor Coleridge,1817,
"A Testament of Hope: The Essential Writings and Speeches of Martin Luther King, Jr.",Martin Luther King,1986,
Meditations on First Philosophy,Rene Descartes,1641,
Essays of Henry David Thoreau,Henry David Thoreau,1862,
The Sickness Unto Death,Soren Kierkegaard,1849,
A Short History Of Nearly Everything,Bill Bryson,2003,
A Childhood: The Biography of a Place,Harry Crews,1978,
Pictures At A Revolution,Mark Harris,2008,
Fast Food Nation,Eric Schlosser,2001,
The Road to Oxiana,Robert Byron,1937,
Down and Out in Paris and London,George Orwell,1933,
And the Band Played On,Randy Shilts,1987,
Rising Tide,John Barry,1997,
Reflections on the Revolution in France,Edmund Burke,1790,
The American Way of Death,Jessica Mitford,1963,
How to Win Friends and Influence People,Dale Carnegie,1936,
An Essay on the Principle of Population,Thomas Robert Malthus,1798,
A Treatise of Human Nature,David Hume,1739,
Syntactic Structures,Noam Chomsky,1957,
The Common Sense Book of Baby and Child Care,Benjamin Spock,1946,
Untold Stories,Alan Bennett,2005,
Ten Days That Shook the World,John Reed,1919,
Beyond Freedom and Dignity,B.F. Skinner,1971,
Cybernetics,Norbert Wiener,1950,
I and Thou,Martin Buber,1923,
Mountains Beyond Mountains: One doctor's quest to heal the world,Tracy Kidder,2003,
The Meaning of Hitler,Sebastian Haffner,1978,
When Breath Becomes Air,Paul Kalanithi,2016,
The Other Education: What you should know about the natural sciences,Ernst Peter Fischer,2001,
The Clash of Civilizations,Samuel P. Huntington,1996,
Crusade and Jihad: Islam and the Christian World,Bassam Tibi,2001,
The Story of Art,E. H. Gombrich,1950,
The Songlines,Bruce Chatwin,1987,
An Inconvenient Truth: The Planetary Emergency of Global Warming and What We Can Do About It,Al Gore,2006,
"The Theory of Economic Development: An Inquiry into Profits, Capital, Credit, Interest, and the Business Cycle",Joseph A. Schumpeter,1911,
Desert Flower,"Waris Dirie, Cathleen Miller",1998,
Bury My Heart at Wounded Knee,Dee Alexander Brown,1970,
Guerrilla Warfare,Che Guevara,1961,
"Brother, I'm Dying",Edwidge Danticat,2007,
German History 1800 to 1918,Thomas Nipperdey,1983,
Journals,Meriwether Lewis and William Clark,1814,
"Wind, Sand and Stars",Antoine de Saint-Exupery,1940,
The Exploration of the Colorado River,John Wesley Powell,1875,
Arabian Sands,Wilfred Thesiger,1959,
Annapurna,Maurice Herzog,1951,
Payback: Debt and the Shadow Side of Wealth,Margaret Atwood,2008,
Travels,Marco Polo,1298,
Farthest North,Fridtjof Nansen,1898,
Two Years Before the Mast,Richard Henry Dana,1840,
The Mind of the South,W.J. Cash,1929,
South,Ernest Shackleton,1919,
A Short Walk in the Hindu Kush,Eric Newby,1958,
Kon-Tiki,Thor Heyerdahl,1951,
Travels in West Africa,Mary Kingsley,1897,
Journals (Cook),James Cook,1779,
Home of the Blizzard,Douglas Mawson,1912,
Bad Blood,Lorna Sage,2001,
Sailing Alone Around the World,Joshua Slocum,1899,
A Wilderness Narrative,David Roberts,1970,
Naked,David Sedaris,1997,
The Mountain of My Fear,David Roberts,1968,
First Footsteps in East Africa,Richard Burton,1856,
Survival In Auschwitz,Primo Levi,1946,
The Perfect Storm,Sebastian Junger,1997,
The Oregon Trail,Francis Parkman,1847,
Blankets,Craig Thompson,2003,
Through the Dark Continent,Henry M. Stanley,1878,
Chronicles: Volume One,Bob Dylan,2004,
A Lady's Life in the Rocky Mountains,Isabella L. Bird,1879,
In the Land of White Death,Valerian Albanov,1917,
Seabiscuit,Laura Hillenbrand,2001,
Endurance,F.A. Worsley,1931,
Scrambles Amongst the Alps,Edward Whymper,1871,
Scott's Last Expedition: The Journals,Robert Falcon Scott,1913,
Everest: The West Ridge,Thomas Hornbein,1965,
Journey Without Maps,Graham Greene,1936,
Killers of the Dream,Lillian Smith,1949,
Starlight and Storm,Gaston RÃ©buffat,1954,
My First Summer in the Sierra,John Muir,1911,
My Life as an Explorer,Sven Hedin,1925,
Borrowed Time,Paul Monette,1988,
In Trouble Again,Redmond O'Hanlon,1988,
Praying for Sheetrock,Melissa Fay Greene,1991,
The Man Who Walked Through Time,Colin Fletcher,1968,
K2 The Savage Mountain,Charles Houston and Robert Bates,1954,
Gipsy Moth Circles the World,Francis Chichester,1967,
Man-Eaters of Kumaon,Jim Corbett,1944,
Alone,Richard Byrd,1938,
Stranger in the Forest,Eric Hansen,1988,
Travels in Arabia Deserta,Charles M. Doughty,1888,
The Royal Road to Romance,Richard Halliburton,1925,
The Long Walk,Slavomir Rawicz,1956,
Mountaineering in the Sierra Nevada,Clarence King,1872,
North Toward Home,Willie Morris,1967,
Imperial Life in the Emerald City,Rajiv Chandrasekaran,2006,
The Glass Castle,Jeannette Walls,2005,
My Journey to Lhasa,Alexandra David-Neel,1927,
Journal of the Discovery of the Source of the Nile,John Hanning Speke,1863,
Running the Amazon,Joe Kane,1989,
Alive,Piers Paul Read,1974,
The Principal Navigations,Richard Hakluyt,1582,
Moondust: In Search of the Men Who Fell to Earth,Andrew Smith,2005,
Collapse,Jared Diamond,2005,
Incidents of Travel in Yucatan,John Lloyd,1843,
Shipwreck of the Whaleship Essex,Owen Chase,1821,
Mystery and Manners,Flannery O'Connor,1969,
The Blank Slate,Steven Pinker,2002,
Writing Degree Zero,Roland Barthes,1953,
My Life As an Explorer (Amundsen),Roald Amundsen,1927,
News from Tartary,Peter Fleming,1936,
Annapurna: A Woman's Place,Arlene Blum,1980,
Peeling the Onion,Gunter Grass,2006,
Mutiny on the Bounty,William Bligh,1790,
The Order of Things,Michel Foucault,1966,
Adrift,Steven Callahan,1986,
Incidents in the Life of a Slave Girl,Harriet Jacobs,1861,
Lanterns on the Levee,William Alexander Percy,1941,
Salvation on Sand Mountain,Dennis Covington,1996,
Castaways,Alvar Nunez Cabeza de Vaca,1542,
Touching the Void,Joe Simpson,1989,
Tracks,Robyn Davidson,1980,
The Adventures of Captain Bonneville,Washington Irving,1837,
Cooper's Creek,Alan Moorehead,1963,
The Fearful Void,Geoffrey Moorhouse,1974,
Friday Night Lights,H.G. Bissinger,2004,
No Picnic on Mount Kenya,Felice Benuzzi,1948,
Through the Brazilian Wilderness,Theodore Roosevelt,1914,
England in Particular,Sue Clifford and Angela King,2006,
Ecrits: The First Complete Edition in English,Jacques Lacan,1966,
Minus 148,Art Davidson,1969,
The Theater and Its Double,Antonin Artaud,1938,
Giving up the Ghost,Hilary Mantel,2003,
Travels (Ibn Battuta),Ibn Battuta,1354,
"Eat, Pray, Love",Elizabeth Gilbert,2006,
Jaguars Ripped My Flesh,Tim Cahill,1987,
Journal of a Trapper,Osborne Russell,1914,
Full Tilt,Dervla Murphy,1965,
I'll Take My Stand,Twelve Southerners,1930,
Let's Talk About Love,Carl Wilson,2007,
Terra Incognita,Sara Wheeler,1996,
Fatal Purity: Robespierre and the French Revolution,Ruth Scurr,2006,
We Die Alone,David Howarth,1943,
An Evil Cradling,Brian Keenan,1991,
Kabloona,Gontran de Poncins,1941,
Conquistadors of the Useless,Lionel Terray,1961,
Carrying the Fire,Michael Collins,1974,
Blue Like Jazz,Donald Miller,2003,
My Father and other Working-Class Football Heroes,Gary Imlac,2005,
Adventures in the Wilderness,William H. H. Murray,1869,
The Burder of Southern History,C. Vann Woodward,1993,
The Message In the Bottle,Walker Percy,1975,
The Ascent of Money: A Financial History of the World,Niall Ferguson,2008,
The Mountains of My Life,Walter Bonatti,1998,
Great Heart,James West Davidson and John Rugge,1988,
Maximum City: Bombay Lost and Found,Suketu Mehta,2004,
This Republic of Suffering: Death and the American Civil War,Drew Gilpin Faust,2008,
Comfort Me with Apples,Ruth Reichl,2001,
Journal of the Voyage to the Pacific,Alexander Mackenzie,1801,
Random Family,Adrian Nicole LeBlanc,2003,
The Valleys of the Assassins,Freya Stark,1934,
"Berlin: The Downfall, 1945",Antony Beevor,2002,
The Silent World,Jacques Cousteau,1953,
Alaska Wilderness,Robert Marshall,1956,
"Letters and Notes on the Manners, Customs, and Conditions of the North American Indians",George Catlin,1841,
The Earl of Louisiana,A.J. Liebling,1970,
Origins of the New South,C. Vann Woodward,1951,
I Married Adventure,Osa Johnson,1940,
The Descent of Pierre Saint-Martin,Norbert Casteret,1954,
Killing Yourself to Live,Chuck Klosterman,2005,
The Crystal Horizon,Reinhold Messner,1982,
The Predators' Ball,Connie Bruck,1988,
Narrative of a Journey Across the Rocky Mountains to the Columbia River,John Kirk Townsend,1839,
Grizzly Years,Doug Peacock,1990,
One Man's Mountains,Tom Patey,1971,
America,John Stewart,2004,
A Book of Mediterranean Food,Elizabeth David,1950,
The Wisdom Of Crowds,James Surowiecki,2004,
Nixonland,Rick Perlstein,2008,
Nothing to be Frightened Of,Julian Barnes,2008,
Phenomenology of Mind,G. W. F. Hegel,1807,
Crazy Salad: Some Things about Women,Nora Ephron,1975,
The True Believer,Eric Hoffer,1951,
The Raw and the Cooked,Claude Levi-Strauss,1969,
The Guide for the Perplexed,Moses Maimonides,1190,
The School and the Child,John Dewey,1906,
The Crack-Up,F. Scott Fitzgerald,1945,
The Nude: A Study in Ideal Form,Kenneth Clark,1956,
Grief Observed,C. S. Lewis,1961,
Surrealist Manifesto,Andre Breton,1924,
Treatise on Electricity and Magnetism,James Clerk Maxwell,1873,
First Principles,Herbert Spencer,1862,
My Life in France,Julia Child,2006,
"Memories, Dreams, Reflections",Carl Jung,1963,
For the Union Dead,Robert Lowell,1964,
The Economic Consequences of the Peace,John Maynard Keynes,1919,
Brief Lives,John Aubrey,1898,
Personal Memoirs of Ulysses S. Grant,U. S. Grant,1885,
Ever Since Darwin: Reflections in Natural History,Stephen Jay Gould,1977,
Beelzebub's Tales to His Grandson,George Ivanovitch Gurdjieff,1950,
The Empathy Exams: Essays,Leslie Jamison,2014,
Just Mercy,Bryan Stevenson,2014,
The Power Elite,C. Wright Mills,1956,
Enthusiasms,Bernard Levin,1983,
Awakenings,Oliver Sacks,1973,
The life and letters of Benjamin Franklin,Benjamin Franklin,1790,
De Profundis,Oscar Wilde,1905,
"Invisible Man, Got the Whole World Watching",Mychal Denzel Smith,2016,
A Treatise Concerning the Principles of Human Knowledge,George Berkeley,1710,
Art and Culture: Critical Essays,Clement Greenberg,1961,
Tales from Shakespeare,"Charles Lamb, Mary Lamb",1807,
The Lost City of Z,David Grann,2009,
The Logic of Scientific Discovery,Karl Popper,1934,
The Paris Review Interviews,Paris Review,2003,
The Faraway Nearby,Rebecca Solnit,2013,
Coming into the Country,John McPhee,1976,
Allegorical Expositions of the Holy Laws,Philo of Alexandria,50,
The Big Sea,Langston Hughes,1940,
The Joy of Sex,Alex Comfort,1972,
The Mind and Society,Vilfredo Pareto,1916,
The Writer on Her Work,Janet Sternburg,1980,
Looking at Dance,Edwin Denby,1972,
The Engineering of Consent,Edward Bernays,1947,
Symposium,Plato,-370,
War Is a Force that Gives Us Meaning,Chris Hedges,2002,
Enemies of Promise,Cyril Connolly,1938,
Uncertainty Principle,Werner Heisenberg,1935,
Conditioned Reflexes,Ivan Pavlov,1927,
Superfiction,Joe David Bellamy,1975,
Travels with Charley,John Steinbeck,1962,
March: Book One,"John Lewis, Andrew Aydin",2013,
Study of Organic Inferiority and Its Physical Compensation: A Contribution to Clinical Medicine,Alfred Adler,1917,
The Diary of Samuel Pepys,Samuel Pepys,1660,
"Our Bodies, Ourselves","Our Bodies, Ourselves",1973,
Recollected Essays,Wendell Berry,1981,
How to Cook a Wolf,M. F. K. Fisher,1942,
The Uses of Literacy,Richard Hoggart,1957,
Outlines of Pyrrhonism,Sextus Empiricus,175,
The Works of Archimedes,Archimedes,-212,
Coleridge: Early Visions,Richard Holmes,1989,
The Great Tradition,F. R. Leavis,1948,
The Anatomy of Melancholy,Robert Burton,1621,
In Search of Our Mothers' Gardens: Prose,Alice Walker,1983,
Reliable Essays: The Best of Clive James,Clive James,2001,
The Confessions of Nat Turner,"Nat Turner, Thomas R. Gray",1831,
The World Within the Word,William H. Gass,1978,
Infidel,Ayaan Hirsi Ali,2007,
Great Plains,Ian Frazier,1989,
How to Be a Domestic Goddess: Baking and the Art of Comfort Cooking,Nigella Lawson,2000,
Wonderful Adventures of Mrs. Seacole in Many Lands: Top Crime Story,Mary Seacole,1857,
Pulphead: Essays,John Jeremiah Sullivan,2011,
Self-Consciousness,John Updike,1989,
The Natural History and Antiquities of Selborne,Gilbert White,1813,
Fiction and the Figures of Life,William H. Gass,1970,
Blue Highways: A Journey into America,William Least Heat-Moon,1982,
Other Inquisitions,Jorge Luis Borges,1952,
For a New Novel,Alain Robbe-Grillet,1953,
The Last Days of Hitler,Hugh Trevor-Roper,1947,
Little Wilson and Big God,Anthony Burgess,1986,
Coming of Age in Samoa,Margaret Mead,1928,
A tour thro' the whole island of Great Britain,Daniel Defoe,1727,
Being Jordan,Katie Price,2004,
Mencken Chrestomathy,H.L. Mencken,1949,
Anabasis,Xenophon,-370,
Webster's Dictionary,Noah Webster,1828,
The Diary of Fanny Burney,Fanny Burney,1778,
The History of the World,Sir Walter Raleigh,1614,
Thesaurus of English Words and Phrases,Peter Mark Roget,1852,
Works of Gottfried Wilhelm Leibniz,Gottfried Wilhelm Leibniz,1716,
Awopbopaloobop Alopbamboom: The Golden Age of Rock,Nik Cohn,1969,
Philosophy of Modern Music,Theodor Adorno,1973,
The Revenge of Gaia,James Lovelock,2006,
Household Education,Harriet Martineau,1848,
Behaviorism,John Watson,1930,
Race Matters,Cornel West,1994,
The Rhetoric of Fiction,Wayne C Booth,1961,
The New Science,Giambattista Vico,1725,
Patterns of Culture,Ruth Benedict,1934,
Intelligent Life in the Universe,Carl Sagan,1966,
Confessions of an English Opium-Eater,Thomas de Quincey,1821,
"Men are from Mars, Women are from Venus",John Gray,1992,
Psychology of the Unconscious,C.G. Jung,1916,
The Pleasure of the Text,Roland Barthes,1975,
The Names,N. Scott Momaday,1976,
The Weather Makers,Tim Flannery,2005,
The History of the Standard Oil Company,Ida Tarbell,1904,
A Walker in the City,Alfred Kazin,1951,
Them: A Memoir Of Parents,Francine du Plessix Gray,2005,
Documents of Modern Art,Robert Motherwell,1972,
One Man's Meat,E. B. White,1944,
Change We Can Believe In,Barack Obama,2008,
Under the Eye of the Clock,Christopher Nolan,1987,
A Life of Picasso,John Richardson,1991,
Changing My Mind: Occasional Essays,Zadie Smith,2009,
Motivation and Personality,Abraham Maslow,1954,
Psychological Types,Carl Jung,1921,
London Orbital: A Year Walking Around the M25,Iain Sinclair,2002,
Smoking and Health,Surgeon General,1962,
Fargo Rock City,Chuck Klosterman,2001,
What It Takes,Richard Ben Cramer,1988,
Cod: A Biography of the Fish that Changed the World,Mark Kurlansky,1997,
Coming of Age in the Milky Way,Timothy Ferris,1988,
Satyagraha in South Africa,Gandhi,1928,
AA Big Book,Bill W,1939,
Collected essays,Aldous Huxley,1958,
House,Tracy Kidder,1985,
Metaphors of Memory,D. Draaisma,2000,
The Histories,Polybius,-146,
Picture,Lillian Ross,1952,
Reflections from Captivity,Ho Chi Minn,1978,
Travels with a Donkey in the CÃ©vennes,Robert Louis Stevenson,1879,
Domestic Manners of the Americans,Fanny Trollope,1832,
The Blair Years,Alastair Campbell,2007,
Dust Tracks on a Road: An Autobiography,Zora Neale Hurston,1942,
The Reluctant Fundamentalist,Mohsin Hamid,2007,
London Labour and the London Poor,Henry Mayhew,1851,
Whoredom in Kimmage,Rosemary Mahoney,1993,
A Drinking Life: A Memoir,Pete Hamill,1994,
Farewell to Manzanar,"Jeanne Wakatsuki Houston, James D. Houston",1973,
Snobbery: The American Version,Joseph Epstein,2002,
My Kind of Place,Susan Orlean,2004,
How the Other Half Lives,Jacob Riis,1890,
Lit: A Memoir,Mary Karr,2009,
In the Shadow of Man,Jane Goodall,1971,
The Masters and the Slaves,Gilberto Freyre,1933,
The Hasheesh Eater,Fitz Hugh Ludlow,1857,
A Life's Work: On Becoming a Mother,Rachel Cusk,2001,
Judgement and Reasoning in the Child,Jean Piaget,1928,
This Hallowed Ground,Bruce Catton,1956,
Creatures that Once Were Men,Maksim Gorky,1905,
A Sense of Where You Are,John McPhee,1965,
Happiness in Marriage,Margaret Sanger,1926,
The Edward Hoagland Reader,Edward Hoagland,1979,
Natural History,Pliny (the Elder),79,
"Theophrastus: His Psychological, Doxographical, and Scientific Writings","William Wall Fortenbaugh, Dimitri Gutas",1992,
The Immense Journey,Loren Eiseley,1957,
Function of the Orgasm,Wilhelm Reich,1973,
Sexual Behavior in the Human Male,Alfred C. Kinsey,1948,
The Road to Wigan Pier,George Orwell,1937,
My Early Life,Winston Churchill,1930,
Devotions upon Emergent Occasions,John Donne,1624,
Novum Organum,Francis Bacon,1620,
On the Babylonian Captivity of the Church,Martin Luther,1520,
An inquiry into the causes and effects of the variolae vaccinae,Edward Jenner,1798,
On the Fabric of the Human Body,Andreas Vesalius,1543,
Enquiry Concerning Political Justice,William Godwin,1793,
The New Fiction,Joe David Bellamy,1974,
On Aggression,Konrad Lorenz,1966,
Experiments on Plant Hybridization,Gregor Mendel,1865,
A Critique of the Theory of Evolution,Thomas Hunt Morgan,1916,
The Solace of Open Spaces,Gretel Ehrlich,1986,
The Great Railway Bazaar,Paul Theroux,1975,
The Audacity of Hope,Barack Obama,2006,
Parliament of Whores,P. J. O'Rourke,1991,
"The Influence of Sea Power Upon History, 1660-1783",Alfred Thayer Mahan,1890,
"Catiline's War, The Jugurthine War, Histories",Sallust,-35,
The Sixth Extinction: An Unnatural History,Elizabeth Kolbert,2014,
"Hydriotaphia, Urn Burial",Sir Thomas Browne,1658,
Taking the World in for Repairs,Richard Selzer,1986,
The Water Is Wide,Pat Conroy,1972,
Black Elk Speaks,John G. Neihardt,1932,
The World Without Us,Alan Weisman,2007,
Masscult and Midcult: Essays Against the American Grain,Dwight Macdonald,1962,
The Course in Positive Philosophy,Auguste Comte,1842,
Decline of the West,Oswald Spengler,1918,
Encyclicals of Pope John XXIII,Pope John XXIII,1965,
My Life and Hard Times,James Thurber,1933,
Earth: An Intimate History,Richard Fortey,2004,
The Suspicions of Mr Whicher,Kate Summerscale,2008,
A Homemade World,Hugh Kenner,1951,
How We Live,Rust Hills,2003,
Mein Kampf,Adolf Hitler,1925,
Postwar,Tony Judt,2005,
Theory of Games and Economic Behavior,John Von Neumann,1944,
Tales from Ovid,Ted Hughes,1997,
The Wordy Shipmates,Sarah Vowell,2008,
The City of God,Saint Augustine,426,
The Montessori Method,Maria Montessori,1912,
Hunger of Memory,Richard Rodriguez,1982,
"Boswell's London Journal, 1762-1763",James Boswell,1763,
Culture and Anarchy,Matthew Arnold,1869,
The Female Eunuch,Germaine Greer,1970,
Ariel,Sylvia Plath,1965,